track,artist,minutes,plays
Indigo,NXCRE,1182.01825,351
,,627.97465,348
Teri Mitti,B Praak,476.29788333333335,112
NEXT!,NCTS,402.27645,277
Stars Go Down,Nordgroove,363.1752833333333,120
Thunder,Imagine Dragons,324.2318,125
Day One (Interstellar Theme),Hans Zimmer,297.65345,121
"Tenu Sang Rakhna (From ""Jigra"")",Achint,263.3784166666667,84
לצאת מדיכאון,יגל אושרי,231.31341666666665,91
Travel,Ennja,215.69205,82
Not Afraid,Eminem,212.48485,71
beibs in the trap,Travis Scott,205.77183333333332,71
עם ישראל חי,Eyal Golan,205.22135,93
"O Maahi (From ""Dunki"")",Pritam,200.64376666666666,82
Headlights (feat. KIDDO),Alok,200.59265,95
My Time,Fabolous,196.99045,141
Y.M.C.A.,Village People,188.61615,51
Tu Bhoola Jise,Amaal Mallik,171.7831,48
Blow Out Crackers Diwali - Remix,Diljit Dosanjh,165.94796666666667,55
"Desh Mere (From ""Bhuj The Pride Of India"")",Arijit Singh,163.8025,72
The Imitation Game,Alexandre Desplat,157.3722,70
Malhari,Vishal Dadlani,154.00658333333334,47
Praise God,Kanye West,153.52605,50
Bloody Mary - Instrumental Slowed,ceZk,126.43151666666667,69
interstellar.,pandora.,123.26876666666666,96
Interstellar,Umbra,122.77261666666666,71
Low Life (feat. The Weeknd),Future,114.68626666666667,30
Luminary,Joel Sunny,110.33001666666667,67
Aye Khuda,Salim Merchant,110.29233333333333,24
BUTTERFLY EFFECT,Travis Scott,109.77111666666667,42
Runnin,21 Savage,108.82455,42
Mary On A Cross,Ghost,108.25678333333333,53
Emergency,DJ Johnrey,106.41583333333334,91
Focus,KOLIDESCOPES,103.48753333333333,32
Skyfall,Adele,102.0923,26
Animals x Starboy - slowed to perfection,TommyMuzzic,100.3864,37
The Future Bass,Evgeny Bardyuzha,95.87903333333334,59
STARGAZING,Travis Scott,93.53673333333333,27
FE!N (feat. Playboi Carti),Travis Scott,87.34908333333334,42
First Step,Hans Zimmer,86.85445,61
"The Roar (From ""Chhaava"")",A.R. Rahman,86.34236666666666,43
TELEKINESIS (feat. SZA & Future),Travis Scott,82.07608333333333,25
Nightcrawler (feat. Swae Lee & Chief Keef),Travis Scott,81.3653,25
Take Me to Church,Hozier,80.5796,46
A-Team,Travis Scott,78.98071666666667,33
Amplifier,Imran Khan,76.96886666666667,20
Knife Talk (with 21 Savage ft. Project Pat),Drake,76.79258333333334,28
SLAVA FUNK!,MVSTERIOUS,76.17518333333334,52
"Jaane Tu (From ""Chhaava"")",A.R. Rahman,75.5706,41
4X4,Travis Scott,74.44025,39
Pepas,Farruko,72.75473333333333,20
הַתִּקְוָה,Jewish Anthem Ensemble,69.61051666666667,66
Memory Reboot - Over Slowed,VØJ,67.85551666666667,38
Swimming Pools (Drank),Kendrick Lamar,67.8013,36
"Aaya Re Toofan (From ""Chhaava"")",A.R. Rahman,67.42296666666667,23
Rasputin,Majestic,64.68225,48
Solitude - Felsmann + Tiley Reinterpretation,M83,63.92693333333333,35
CIRCUS MAXIMUS (feat. The Weeknd & Swae Lee),Travis Scott,63.28443333333333,22
Imagine - Remastered 2010,John Lennon,60.3257,22
Eye of the Tiger,Survivor,60.02418333333333,27
S.T.A.Y.,Hans Zimmer,59.1984,15
Hold That Heat (feat. Travis Scott),Southside,59.0696,38
Stand By Me,Ben E. King,57.34523333333333,28
Pumped Up Kicks,Foster The People,56.880433333333336,23
Let Me Down Slowly - Hardstyle,Chestbrah,56.564083333333336,36
HIGHEST IN THE ROOM,Travis Scott,55.32001666666667,42
Bachna Ae Hasino,Sonu Worldwide,54.701683333333335,36
Desi Kalakaar,Yo Yo Honey Singh,52.186883333333334,21
Chase You Down,RUNAGROUND,52.0868,28
Runaway,AURORA,52.01403333333333,20
In Essence,Ka$tro,51.693083333333334,54
Vijayi Bhava,Shankar Mahadevan,51.42775,19
Overdue (with Travis Scott),Metro Boomin,51.3672,36
Cornfield Chase,Hans Zimmer,51.2961,48
Fly Me To The Moon,remorse,50.84375,25
Flooded The Face,Lil Uzi Vert,50.613533333333336,24
G.O.A.T.,Diljit Dosanjh,49.25128333333333,21
Chill Bill (feat. J. Davi$ & Spooks),Rob $tone,48.9575,21
Maa Tujhe Salaam,A.R. Rahman,48.95013333333333,15
Forever Young,Alphaville,47.3961,29
Save Your Tears,The Weeknd,47.02635,16
NEXT! - Slowed,NCTS,46.15743333333333,44
Swang,Rae Sremmurd,44.26685,18
Gasoline,Halsey,43.00946666666667,19
Dust,Hans Zimmer,42.9079,18
Rhapsody in Blue,George Gershwin,42.817683333333335,9
4X4,Don Toliver,42.73781666666667,31
"Me, Myself & I",G-Eazy,42.458866666666665,12
CAROUSEL,Travis Scott,42.368433333333336,20
Ishq,Faheem Abdullah,42.17075,20
Lutt Putt Gaya,Pritam,41.73663333333333,25
Unknown Track,Unknown Artist,41.707,10
CARNIVAL,¥$,40.956133333333334,30
Gurbani,Shankar-Ehsaan-Loy,40.689033333333334,37
Love Dose,Yo Yo Honey Singh,39.065916666666666,13
Falestini,Esa Mighty,39.01075,17
THANK GOD,Travis Scott,38.9957,19
DELRESTO (ECHOES) (feat. Beyoncé),Travis Scott,38.9573,11
Organ Variation,Hans Zimmer,38.89651666666666,9
NO BYSTANDERS,Travis Scott,38.80363333333333,18
Lover,Diljit Dosanjh,38.64405,19
Whatever It Takes,Imagine Dragons,38.23303333333333,20
Deewani Mastani,Shreya Ghoshal,37.573033333333335,21
Somewhere Only We Know,rhianne,36.90076666666667,16
Locked out of Heaven,Bruno Mars,36.510216666666665,15
Runaway (U & I),Galantis,36.00828333333333,12
Upper Echelon (feat. T.I. & 2 Chainz),Travis Scott,35.886833333333335,16
Chauffeur,Diljit Dosanjh,35.59826666666667,15
Hot (Remix) [feat. Gunna and Travis Scott],Young Thug,35.58558333333333,22
"All The Stars (with SZA) - From ""Black Panther: The Album""",Kendrick Lamar,35.20028333333333,13
Faded,Alan Walker,34.461416666666665,26
Stay,Hans Zimmer,34.088683333333336,19
"Dil Mein Mars Hai - From ""Mission Mangal""",Amit Trivedi,33.973216666666666,12
Can't Hold Us (feat. Ray Dalton),Macklemore,33.513,12
O Rangrez,Shankar-Ehsaan-Loy,33.4158,19
Party Monster,The Weeknd,32.97051666666667,14
Main Tera Rasta Dekhunga (Film Version),Pritam,32.70805,12
The Nights,Avicii,32.43015,30
Radioactive,Imagine Dragons,32.097833333333334,12
NEXT! - Super Slowed,NCTS,32.08436666666667,26
Manasha - Slowed,Ashreveal,31.764833333333332,22
"Garmi (From ""Street Dancer 3D"") (feat. Varun Dhawan)",Badshah,31.221016666666667,11
Aahun Aahun,Pritam,31.218933333333332,21
Counting Stars,OneRepublic,31.199283333333334,13
Hookah Bar,Himesh Reshammiya,31.07121666666667,13
SICKO MODE,Travis Scott,30.73506666666667,10
Lemonade,Diljit Dosanjh,30.645316666666666,24
90210 (feat. Kacy Hill),Travis Scott,30.459,9
NEXT! - Sped Up,NCTS,30.135916666666667,33
Bugatti,Ace Hood,29.52595,17
All Around The World (La La La),R3HAB,29.071866666666665,22
Tourner Dans Le Vide,Indila,28.6793,12
The Morning,The Weeknd,28.557683333333333,11
Aathma Raama,Brodha V,27.766816666666667,10
love nwantiti (feat. Dj Yo! & AX'EL) - Remix,CKay,27.675716666666666,12
Mi Gente,J Balvin,27.565,13
We Dem Boyz,Wiz Khalifa,27.522433333333332,20
Naina,Arijit Singh,27.2484,22
SKITZO (feat. Young Thug),Travis Scott,27.20465,9
Long Drive,Mika Singh,26.686666666666667,11
goosebumps,Travis Scott,26.282133333333334,18
Take on Me,a-ha,26.250416666666666,11
Ride,Twenty One Pilots,25.7101,15
Past Lives,sapientdream,24.90825,14
After Dark,Mr.Kitty,24.88205,9
Me and the Devil,Soap&Skin,24.658966666666668,13
Amazing,Kanye West,24.4755,10
In Essence We'll Show Them All,Myongz,24.0729,20
Raindrops (Insane) [with Travis Scott],Metro Boomin,23.99416666666667,17
Ashq Na Ho,Pritam,23.989866666666668,21
Hall of Fame (feat. will.i.am),The Script,23.668416666666666,8
Pornography,Travis Scott,23.52375,19
GREECE (feat. Drake),DJ Khaled,23.326833333333333,9
Born to Shine,Diljit Dosanjh,23.238883333333334,16
Requiem for a Dream,Scott Benson Band,23.233183333333333,5
Am I Wrong,Nico & Vinz,23.202383333333334,8
We,Fjodor,23.148633333333333,21
"Broken Souls (From ""Bhaag Milkha Bhaag"")",Shankar-Ehsaan-Loy,23.005333333333333,18
The Hills - RL Grime Remix,The Weeknd,22.5263,10
"The Crown (From ""Chhaava"")",A.R. Rahman,22.412166666666668,11
Freestyle,Lil Baby,22.313583333333334,18
Levels - Original Version,Avicii,22.09665,10
Blue Eyes,Yo Yo Honey Singh,22.064616666666666,8
No Easy Decision,Alex Lamy,21.63265,13
Off The Grid,Kanye West,21.45335,13
Dalle,Waris Brar,21.36285,14
MAFIA,Travis Scott,21.313133333333333,7
Xenogenesis,TheFatRat,21.0979,15
Wake Me Up,Avicii,20.618833333333335,5
Stressed Out,Twenty One Pilots,20.418466666666667,8
Take What You Want (feat. Ozzy Osbourne & Travis Scott),Post Malone,20.336533333333332,14
Supreme,Shubh,20.255983333333333,10
Chicken Song,Wacko Geco,20.00555,20
abcdefu,GAYLE,19.55595,10
Cheri Cheri Lady,Modern Talking,19.488766666666667,10
Fair Trade (with Travis Scott),Drake,19.002233333333333,6
My Songs Know What You Did In The Dark (Light Em Up),Fall Out Boy,18.8582,12
300 Violin Orchestra,Jorge Quintero,18.791416666666667,11
Swimming Pools (Drank) - Extended Version,Kendrick Lamar,18.735683333333334,6
Des Mere Des,A.R. Rahman,18.5298,7
Sky High,Elektronomia,18.36345,13
PARASAIL (feat. Yung Lean & Dave Chappelle),Travis Scott,18.208033333333333,17
DELRESTO (ECHOES),Beyoncé,18.010116666666665,3
Bad Liar,Imagine Dragons,17.977616666666666,7
Round And Round,remorse,17.870616666666667,23
way back,Travis Scott,17.752716666666668,7
Ek Chumma,Sohail Sen,17.467116666666666,14
Blow the Whistle,Too $hort,17.417916666666667,8
ASTROTHUNDER,Travis Scott,17.34295,16
Happier,Marshmello,17.323283333333332,7
Dancin - Krono Remix,Aaron Smith,17.257216666666668,9
PASSO BEM SOLTO - Slowed,ATLXS,17.214416666666665,15
Blinding Lights,The Weeknd,17.173566666666666,9
Purple Lamborghini (with Rick Ross),Skrillex,17.079933333333333,6
Secrets,OneRepublic,17.006333333333334,9
Don't Let Me Down,The Chainsmokers,16.899216666666668,7
MELTDOWN (feat. Drake),Travis Scott,16.4985,14
Oh My Dis Side (feat. Quavo),Travis Scott,16.450033333333334,10
Flocky Flocky (feat. Travis Scott),Don Toliver,16.15155,14
Lucid Dreams,Juice WRLD,16.04675,6
Jacob and the Stone,Emile Mosseri,16.035233333333334,25
HYAENA,Travis Scott,16.026183333333332,12
Mountains,Hans Zimmer,15.955083333333333,7
"FRANCHISE (feat. Future, Young Thug & M.I.A.) - REMIX",Travis Scott,15.6208,9
Stereo Hearts (feat. Adam Levine),Gym Class Heroes,15.506483333333334,6
Winter Wonderland,Michael Bublé,15.40365,9
Peaches,Diljit Dosanjh,15.225283333333334,13
Tick-Tock,Hans Zimmer,14.740066666666667,2
Starboy,The Weeknd,14.618366666666667,7
FUNK UNIVERSO - Slowed,Irokz,14.58545,11
Changes,2Pac,14.32215,6
Together,Deon Custom,14.24915,7
Somewhere Only We Know - Sped Up,rhianne,14.0797,6
The Hills,The Weeknd,13.94785,8
Moskau,Dschinghis Khan,13.9301,8
Remember the Name (feat. Styles of Beyond),Fort Minor,13.816016666666666,8
Party Rock Anthem,LMFAO,13.803233333333333,5
K-POP (feat. Bad Bunny & The Weeknd),Travis Scott,13.785166666666667,16
SAY MY GRACE (feat. Travis Scott),Offset,13.606983333333334,7
Aal Izz Well,Swanand Kirkire,13.564,3
Harlem Shake,Baauer,13.521833333333333,6
the ends,Travis Scott,13.495166666666666,7
No Role Modelz,J. Cole,13.44905,7
Outside (Better Days),Blueface,13.446283333333334,11
Sky Walker (feat. Travis Scott),Miguel,13.0041,6
CAN'T SAY,Travis Scott,12.8126,10
Look At Me - Instrumental,Metrixx,12.585933333333333,5
Time of Our Lives,Pitbull,12.55945,5
Without Me,Halsey,12.553966666666666,6
Type Shit,Future,12.398833333333334,14
APT.,ROSÉ,12.211416666666667,11
Bharat,Shankar Mahadevan,11.853533333333333,9
Replay,Iyaz,11.808066666666667,12
I'm Good (Blue),David Guetta,11.789333333333333,8
I Wonder,Kanye West,11.625883333333332,4
Superhero (Heroes & Villains) [with Future & Chris Brown],Metro Boomin,11.5589,9
ESCAPE PLAN,Travis Scott,11.213983333333333,15
Empire State Of Mind,JAY-Z,11.17845,16
Renegades,X Ambassadors,11.087416666666666,5
TIL FURTHER NOTICE (feat. James Blake & 21 Savage),Travis Scott,11.051233333333334,5
Another One Bites The Dust - Remastered 2011,Queen,11.000483333333333,6
HOUSTONFORNICATION,Travis Scott,10.99135,6
Boom Boom Pow,Black Eyed Peas,10.54645,40
Ava,Famy,10.533733333333334,10
Young Dumb & Broke,Khalid,10.51395,8
Alone,Alan Walker,10.481333333333334,8
Blurred Lines,Robin Thicke,10.47115,3
Камин (feat. JONY),EMIN,10.379633333333333,7
מי שמאמין,Eyal Golan,10.2292,10
Aston Martin Truck,Roddy Ricch,10.21035,11
Feel Good,Syn Cole,10.097483333333333,7
Yeah! (feat. Lil Jon & Ludacris),USHER,9.97485,7
wonderful,Travis Scott,9.955183333333334,5
Hats Off (feat. Travis Scott),Lil Baby,9.930483333333333,5
Pray For Me,The Weeknd,9.846483333333333,5
rockstar (feat. 21 Savage),Post Malone,9.836066666666667,7
The Nutcracker - March,Pyotr Ilyich Tchaikovsky,9.711783333333333,6
Tum Hi Ho,Mithoon,9.687483333333333,3
Murph,Hans Zimmer,9.576116666666667,3
Anxiety,Doechii,9.362866666666667,14
#thatPOWER,will.i.am,9.346433333333334,3
Dhol Jageero Da,Panjabi MC,9.341166666666666,21
Bewafa,Imran Khan,9.31015,5
Cake By The Ocean,DNCE,9.283983333333333,4
All Falls Down (feat. Juliander),Alan Walker,9.278183333333333,6
"Teri Chaahat (From ""Chhaava"")",A.R. Rahman,9.276583333333333,11
Mamacita (feat. Rich Homie Quan & Young Thug),Travis Scott,9.264733333333334,3
Despacito,Luis Fonsi,9.169416666666667,3
Vardha's One Man Army,Ravi Basrur,9.158233333333333,15
Ultimate,Denzel Curry,8.94445,7
Pink Soldiers,Kim Sungsoo,8.880733333333334,18
Why Do We Fall?,Hans Zimmer,8.84785,10
Viva La Vida,Coldplay,8.713,4
FDT,YG,8.594833333333334,12
Say Yeah,Wiz Khalifa,8.588166666666666,7
After Dark,alper6nen,8.531266666666667,3
"Papa Kehte Hain (From ""Srikanth"")",Anand-Milind,8.497666666666667,2
24 (feat. Lil Baby),Money Man,8.453416666666667,13
Day One Dark,Hans Zimmer,8.449183333333334,2
Believer,Imagine Dragons,8.37665,10
Good For You,Selena Gomez,8.358166666666667,3
Paro,Nej,8.075433333333333,5
A Little Party Never Killed Nobody (All We Got),Fergie,8.07005,4
3500 (feat. Future & 2 Chainz),Travis Scott,8.044633333333334,9
Check Yo Self - Remix,Ice Cube,7.8893,4
Payphone,Maroon 5,7.8446,6
Señorita,Shawn Mendes,7.83995,7
O Maahi,Pritam,7.766583333333333,2
Summer,Calvin Harris,7.7153,7
"Hymn to the Sea (From ""Titanic"" Soundtrack)",James Horner,7.648616666666666,4
Uptown Funk (feat. Bruno Mars),Mark Ronson,7.64075,4
Shaitan Ka Saala,Sohail Sen,7.528433333333333,14
High Rated Gabru,Guru Randhawa,7.52,5
Ni**as In Paris,JAY-Z,7.4840333333333335,4
I KNOW ?,Travis Scott,7.46995,9
Embarrassed (feat. Travis Scott),Don Toliver,7.466433333333334,5
Wow.,Post Malone,7.44525,4
MODERN JAM (feat. Teezo Touchdown),Travis Scott,7.41515,7
Dheere Dheere,Yo Yo Honey Singh,7.342066666666667,6
Who's They?,Hans Zimmer,7.3384,3
Kokomo,The Beach Boys,7.30485,19
Gangnam Style (강남스타일),PSY,7.3014,2
K-POP,Travis Scott,7.270683333333333,5
We Found Love,Rihanna,7.26705,6
Demons and Angels (feat. Juice WRLD),A Boogie Wit da Hoodie,7.235233333333333,3
"Taki Taki (with Selena Gomez, Ozuna & Cardi B)",DJ Snake,7.2133666666666665,4
BLACK NIGGA,LIL BLACK'OUT,7.1844833333333336,12
Lahore,Guru Randhawa,7.122316666666666,3
Heartless,Kanye West,7.073066666666667,3
Timber,Pitbull,6.957983333333333,4
ZEZE (feat. Travis Scott & Offset),Kodak Black,6.936883333333333,5
Lift Teri Bandh Hai,Anu Malik,6.929583333333333,7
Praise The Lord (Da Shine) (feat. Skepta),A$AP Rocky,6.8982833333333335,3
Aaja We Mahiya,Imran Khan,6.739066666666667,5
This Is What You Came For,Calvin Harris,6.685316666666667,3
LOST FOREVER (feat. Westside Gunn),Travis Scott,6.62165,5
Like That,Future,6.602733333333333,7
Money Trees,Kendrick Lamar,6.5955,2
Having Our Way (feat. Drake),Migos,6.574316666666666,3
GOD'S COUNTRY,Travis Scott,6.51225,9
Chalti Hai Kya 9 Se 12,Dev Negi,6.4996833333333335,5
Habits (Stay High),Tove Lo,6.49775,15
Jhol,Maanu,6.485916666666666,7
Safe and Sound,Capital Cities,6.4743,3
Save Your Tears (with Ariana Grande) (Remix),The Weeknd,6.372083333333333,5
"Muqabla (From ""Street Dancer 3D"")",Yash Narvekar,6.2812833333333336,9
Demons,Imagine Dragons,6.222216666666666,8
OH HO HO HO (Original Song),Sukhbir,6.174633333333333,2
"High Rated Gabru (From ""Nawabzaade"")",Guru Randhawa,6.094683333333333,3
XO Tour Llif3,Lil Uzi Vert,6.0902,2
Champions,Kanye West,6.048033333333334,8
Forever,Drake,6.032566666666667,2
SKELETONS,Travis Scott,6.030866666666666,5
Devil Eyes,Hippie Sabotage,6.004783333333333,7
Papa Kahte Hain,Udit Narayan,5.966816666666666,2
Badla,Danish Sabri,5.930833333333333,29
Lungi Dance,Yo Yo Honey Singh,5.925716666666666,6
Antidote,Travis Scott,5.883133333333333,7
It's Beginning to Look a Lot like Christmas,Michael Bublé,5.81165,5
Ransom (with Juice WRLD) - Remix,Lil Tecca,5.708433333333334,2
Chal Ve Watna,Pritam,5.6958,2
Rich Baby Daddy (feat. Sexyy Red & SZA),Drake,5.6549,5
The Box,Roddy Ricch,5.618933333333334,5
El Chapo - Bonus Track,The Game,5.59725,5
Subha Hone Na De,Pritam,5.565766666666667,2
Fuck Tha Police,N.W.A.,5.562633333333333,4
Sunflower - Spider-Man: Into the Spider-Verse,Post Malone,5.521566666666667,6
Gaddi,Jazzy B,5.459883333333333,2
Revolution,Diplo,5.217766666666667,9
"Party All Night (From ""Boss"")",Yo Yo Honey Singh,5.120933333333333,7
Pata Chalgea,Imran Khan,5.0984,4
Skechers,DripReport,5.096383333333334,5
Rail Gaddi,Chirag Pehchan,5.065333333333333,1
"Rudra (From ""Chhaava"")",A.R. Rahman,5.059933333333333,4
Miss The Rage,Trippie Redd,4.986516666666667,7
Treat You Better,Shawn Mendes,4.974166666666667,6
after dark x sweater weather,daddy's girl,4.9671666666666665,3
High Heels,Jaz Dhami,4.964,2
White Christmas - 1947 Version,Bing Crosby,4.902066666666666,4
Drip Too Hard (Lil Baby & Gunna),Lil Baby,4.849083333333334,2
"Main Tera Boyfriend (From ""Raabta"")",Arijit Singh,4.8463666666666665,4
Cardigan,Don Toliver,4.822266666666667,3
Ambersariya,Mac-G,4.783333333333333,1
Come with Me Now,KONGOS,4.773366666666667,2
IDGAF (feat. Yeat),Drake,4.751083333333334,7
Love Me Again,John Newman,4.616,3
Champion (feat. Travis Scott),NAV,4.60685,4
Mo Bamba,Sheck Wes,4.5249,3
I Feel It Coming,The Weeknd,4.516983333333333,2
Life's A Mess (feat. Halsey),Juice WRLD,4.5154,7
Venom - Music From The Motion Picture,Eminem,4.492566666666667,1
Born to Do,Steven Cooper,4.476183333333333,5
pick up the phone (feat. Quavo),Young Thug,4.4751,6
X (with 2 Chainz & Saudi),ScHoolboy Q,4.4571,1
Nice For What,Drake,4.423933333333333,3
Airplanes (feat. Hayley Williams of Paramore),B.o.B,4.385633333333334,3
Gal Ban Gaye,Sukhbir,4.3753,1
Trance (with Travis Scott & Young Thug),Metro Boomin,4.3534,3
The Monster,Eminem,4.3356,2
Wishing Well,Juice WRLD,4.3196666666666665,4
Stronger,Kanye West,4.2421,3
We Are Young (feat. Janelle Monáe),fun.,4.213,2
"Nuthin' But A ""G"" Thang",Dr. Dre,4.20475,6
Just Wanna Rock,Lil Uzi Vert,4.178466666666667,4
Make Some Noise For The Desi Boyz,Pritam,4.152833333333334,3
Dreaming of the Crash,Hans Zimmer,4.137316666666667,5
Sandstorm,Darude,4.073966666666666,6
Whiplash,Hank Levy,4.029416666666667,4
5% TINT,Travis Scott,4.0131,8
Bom Diggy Diggy,Zack Knight,4.008666666666667,4
"All I Do Is Win (feat. T-Pain, Ludacris, Snoop Dogg & Rick Ross)",DJ Khaled,4.008133333333333,3
My Time - Album Version (Edited),Fabolous,4.000883333333333,1
"Zinda Rahey (From ""Chhaava"")",A.R. Rahman,3.9996666666666667,4
No Time for Caution,Hans Zimmer,3.984933333333333,5
Panda,Desiigner,3.9735,1
Six Feet Under,The Weeknd,3.95955,2
Thrift Shop (feat. Wanz),Macklemore & Ryan Lewis,3.9268833333333335,1
Dil Chori,Yo Yo Honey Singh,3.8997333333333333,3
All The Stars (with SZA),Kendrick Lamar,3.8697666666666666,1
PTSD,G Herbo,3.8661166666666666,2
Bank Account,21 Savage,3.8375,5
INDUSTRY BABY (feat. Jack Harlow),Lil Nas X,3.7726333333333333,3
Suicidal (feat. Juice WRLD) - Remix,YNW Melly,3.764283333333333,1
Big Shot (with Travis Scott),Kendrick Lamar,3.75475,4
Jawani (feat. Don Mixicano),Taz Stereo Nation,3.7144166666666667,1
White Walls (feat. ScHoolboy Q & Hollis),Macklemore & Ryan Lewis,3.7143166666666665,2
Cut It (feat. Young Dolph),O.T. Genasis,3.71,1
Purple Lamborghini,Skrillex,3.7053,4
Super Gremlin,Kodak Black,3.6835666666666667,7
Unstoppable,Sia,3.674166666666667,2
Mask Off,Future,3.6721666666666666,2
The Fox (What Does the Fox Say?),Ylvis,3.6303666666666667,3
Girls Like You,Maroon 5,3.626333333333333,2
WHO? WHAT!,Travis Scott,3.5892,4
Vehi Sheomdo,JEM,3.560433333333333,1
Zinda,Shankar-Ehsaan-Loy,3.5466166666666665,2
Millionaire,Yo Yo Honey Singh,3.5073,3
Roses,The Chainsmokers,3.5061833333333334,2
Dance Monkey,Tones And I,3.4906333333333333,1
broken,lovelytheband,3.4790833333333335,3
On & On,Cartoon,3.475633333333333,2
Highway to Hell,AC/DC,3.473333333333333,1
Mi Favorita,Lunay,3.446083333333333,5
Nagada Sang Dhol,Sanjay Leela Bhansali,3.44525,10
What Do You Mean?,Justin Bieber,3.428,1
"Kar Gayi Chull (From ""Kapoor & Sons (Since 1921)"")",Badshah,3.4255166666666668,3
To Naoetsu,Alexandre Desplat,3.4243,3
insomnia,Paycheck,3.4164166666666667,1
Goa Beach,Tony Kakkar,3.367366666666667,4
Hide Away,Daya,3.360533333333333,4
Hey Girl,Imran Khan,3.3444333333333334,1
TiK ToK,Kesha,3.3282166666666666,1
Jumpman,Drake,3.3132,2
I Like Me Better,Lauv,3.2906,2
Falling Down - Bonus Track,Lil Peep,3.2733333333333334,1
Satisfya,Imran Khan,3.2396333333333334,6
Flying Drone,Hans Zimmer,3.2364333333333333,3
Unbroken - Unashamed (Trailer Music) - Cover Version,Cinescore,3.2271,3
Ghar Se Nikalte Hi,Udit Narayan,3.2237,1
On Top Of The World,Imagine Dragons,3.223333333333333,2
PICK IT UP (feat. A$AP Rocky),Famous Dex,3.20955,2
God Bless The U.S.A.,Lee Greenwood,3.1933333333333334,1
Dilbar,Neha Kakkar,3.1929833333333333,3
High Hopes,Panic! At The Disco,3.1824333333333334,1
Detroit Rock City,KISS,3.1801833333333334,1
"Take Me Home, Country Roads - Original Version",John Denver,3.1693333333333333,1
If We Being Rëal,Yeat,3.1538833333333334,2
El Chapo Jr,2 Chainz,3.14365,2
Trophies,Young Money,3.1386666666666665,1
All The Way Up (feat. Infared),Fat Joe,3.12675,5
679 (feat. Monty),Fetty Wap,3.116433333333333,1
Merry Go Round - Mingle Game Song Squid Game 2,remorse,3.098116666666667,4
Killmonger,Ludwig Göransson,3.0946833333333332,2
Nuketown (feat. Juice WRLD),Ski Mask The Slump God,3.0906166666666666,7
Anarchy Acres,Josh A,3.0606666666666666,1
Let It Snow! Let It Snow! Let It Snow! (with The B. Swanson Quartet),Frank Sinatra,3.04845,2
No Need to Come Back,Hans Zimmer,3.0471,2
הולכת איתך,Narkis,3.0417666666666667,1
Jai Bhavani Jai Shivaji,PRNV,3.0122333333333335,10
Going Bad (feat. Drake),Meek Mill,3.0087,1
"Alan (From ""The Imitation Game"" Soundtrack)",Alexandre Desplat,3.0079666666666665,3
"Abhi Toh Party Shuru Hui Hai (From ""Khoobsurat"")",Badshah,3.0063333333333335,3
After Party,Don Toliver,2.99735,4
Mercy.1,Kanye West,2.9666333333333332,2
The Next Episode,Dr. Dre,2.9552,5
A Place Among the Stars,Hans Zimmer,2.9547333333333334,2
Dark Thoughts,CoaastGxd,2.95,1
WORTH NOTHING (feat. Oliver Tree) - Fast & Furious: Drift Tape/Phonk Vol 1,TWISTED,2.9308666666666667,4
They Think I'm Joking,Warlord Colossus,2.9090833333333332,1
King Shit,Shubh,2.899,6
Ric Flair Drip (with Metro Boomin),Offset,2.88,1
Parking Lot,Mustard,2.8799,1
Nuketown (feat. Iamjakehill),Josh A,2.8625,1
Butter,BTS,2.8251166666666667,5
Used to,Josh A,2.80025,1
OUT WEST (feat. Young Thug),JACKBOYS,2.79705,4
THE SCOTTS,THE SCOTTS,2.7662833333333334,1
I'm a Hustler,KIDR,2.7499833333333332,1
Bloody Knuckles,YCK,2.741816666666667,1
By The Way(Fuck you),CoaastGxd,2.733433333333333,1
ANGEL OF DEATH,Paycheck,2.7252666666666667,1
Breathe,Fabolous,2.7097166666666666,1
DON'T SAVE ME,TWENTYTHREE,2.69055,1
GigaChad Theme - Phonk House Version,g3ox_em,2.6471,3
Inhumane,YCK,2.6401333333333334,1
Afraid of Time,Hans Zimmer,2.6119,2
Don't Stop the Party (feat. TJR),Pitbull,2.57865,2
North Korea,Josh A,2.5639,1
Don't Forget(to Forget Me),CoaastGxd,2.5425333333333335,1
Last Night I Accepted Death W Open Arms,Lil Revive,2.5337833333333335,1
Promise,iwilldiehere,2.5303666666666667,2
Mingle Game Song 'Round and Round' (Squid Game),Free Bird,2.5218833333333333,4
still alive,neonsoul,2.4881,10
What Happens Now?,Hans Zimmer,2.47845,3
Abrakadabra,Sinoda,2.462466666666667,1
Victoria & Abdul,Thomas Newman,2.46145,3
sorry im a haunted house,Savage Ga$p,2.4497333333333335,1
BOUNCE BACK,Paycheck,2.4375,1
TOPIA TWINS (feat. Rob49 & 21 Savage),Travis Scott,2.4240333333333335,4
Better off Dead,Josh A,2.3915166666666665,1
Ambition For Cash,Key Glock,2.3913333333333333,1
TELESCOPE,TWXN,2.3841,1
Fearless,Josh A,2.3361833333333335,2
I Chose Violence,iamjakehill,2.331166666666667,1
In Essence - slowed to perfection,TommyMuzzic,2.3304833333333335,4
friendship,Trones Nelly,2.3186166666666668,3
"Reflections Laughing (feat. Travis Scott, Florence + The Machine)",The Weeknd,2.3016,2
LOOOVE (feat. Kid Cudi),Travis Scott,2.1823,2
R.I.P,Kenny,2.15575,2
Monica - Demo,Imagine Dragons,2.1416833333333334,1
Second Chances Aren't for Everyone Huh?,KAMAARA,2.13445,1
Deadpool,Fukkit,2.1279666666666666,1
Really With It,KIDR,2.1267666666666667,1
Grave Digger,Lil Revive,2.1064,1
Boliyan,Lehmber Hussainpuri,2.0862166666666666,4
Go on Apologize,ShadowStep,2.07135,1
Blackout,Josh A,2.0683,1
Coven,Lil Revive,2.0647333333333333,1
CoCo,O.T. Genasis,2.06075,1
Manasha,Ashreveal,2.0582166666666666,2
In Essence,TommyMuzzic,2.0519166666666666,7
In Essence (Slowed),Ka$tro,2.039416666666667,2
GOD DAMN,Kylof Söze,2.020183333333333,1
Caravan,John Wasson,2.0187166666666667,1
Fly (On the Wall),Fukkit,1.9426166666666667,1
HUMBLE.,Kendrick Lamar,1.89155,1
Darkness,Josh A,1.8679333333333332,1
Hope,XXXTENTACION,1.8481,1
The Wormhole,Hans Zimmer,1.8352666666666666,2
Message from Home,Hans Zimmer,1.7880833333333332,4
Atmospheric Entry,Hans Zimmer,1.7684,3
I Wanna Bitch Like Dillon Harper,KAMAARA,1.7661833333333334,1
Everybody Dance Now,The Party People,1.7283333333333333,2
"I Hate Myself, and the Reaper Does Too",Warlord Colossus,1.6642333333333332,1
Woah!,CAIRO!,1.6373333333333333,1
YASOPP,KXLLSWXTCH,1.6176166666666667,1
Desi Kalakaar (Slowed & Reverb),Yo Yo Honey Singh,1.5964666666666667,2
BAD!,XXXTENTACION,1.57075,1
Open Arms (feat. Travis Scott),SZA,1.5678333333333334,1
Main Tera Rasta Dekhunga,Pritam,1.5535,1
All I Know,The Weeknd,1.4655666666666667,3
Alone X Faded,sxpphire,1.4291833333333333,4
"Kesariya (From ""Brahmastra"")",Pritam,1.4182833333333333,2
Sweater Weather,The Neighbourhood,1.2811333333333332,2
Faded - Slowed Remix,Alan Walker,1.2782,6
Lemonade (feat. NAV),Internet Money,1.2129333333333334,3
The Door,Teddy Swims,1.1563333333333334,1
Golden Dandelions - NOW What's Next!,Barns Courtney,1.1355666666666666,4
snowfall,Øneheart,1.1321333333333334,4
The Dark and Endless Dalek Night,Murray Gold,1.1153333333333333,1
Money Longer,Lil Uzi Vert,1.1130166666666668,2
ישראל,Eyal Golan,1.1047666666666667,2
Royalty,Egzod,1.0789833333333334,3
Thunderstruck,AC/DC,1.0398,2
All Of The Lights (Interlude),Kanye West,1.03755,1
Jai Ho,Sukhwinder Singh,1.0073166666666666,3
Love Mera Hit Hit,Pritam,0.9993666666666666,2
Dammi Falastini,A.Rob,0.9986666666666667,4
Tzama,JEM,0.9822833333333333,2
Stayin' Alive - Edited Version,Bee Gees,0.95685,4
Ezio's Family,Jesper Kyd,0.9404833333333333,5
Muscle Car,Evgeny Bardyuzha,0.9144833333333333,1
Midnight City,M83,0.8687,3
MY EYES,Travis Scott,0.8661666666666666,5
"The Hanging Tree - From ""The Hunger Games: Mockingjay"" Soundtraclk",James Newton Howard,0.8282,1
DJ Got Us Fallin' In Love (feat. Pitbull),USHER,0.8159666666666666,3
Dusk Till Dawn (feat. Sia) - Radio Edit,ZAYN,0.7965666666666666,1
"Hanuman Chalisa (From ""HanuMan"") [Telugu]",GowraHari,0.7754833333333333,3
Kinni Kinni,Diljit Dosanjh,0.7655333333333333,4
Macarena,Los Del Rio,0.7301,2
Snare Liftoff - I Want to Be One of the Greats,J.K. Simmons,0.7129,1
METAMORPHOSIS - Slowed + Reverb,INTERWORLD,0.7000666666666666,4
Seven Nation Army,The White Stripes,0.6993333333333334,1
"Jai Bajrangbali (From ""Singham Again"")",Sri Krishna,0.6772,1
"Interstellar Suite: Part 1, Day One",Hans Zimmer,0.6703333333333333,1
sdp interlude,Travis Scott,0.6686333333333333,6
After Dark x Sweater Weather,mikeeysmind,0.6457333333333334,3
Rolex,Ayo & Teo,0.6354333333333333,3
Astronomia,Vicetone,0.6269166666666667,6
Summertime Sadness,Lana Del Rey,0.6166166666666667,2
Experience,Ludovico Einaudi,0.6142833333333333,7
Sky Fall,Travis Scott,0.6058166666666667,4
Bolo Kab Pratikar Karoge,Sukhwinder Singh,0.58025,3
"Sajni (From ""Laapataa Ladies"")",Ram Sampath,0.55305,2
Fine Day Anthem,Skrillex,0.5495333333333333,2
Behe Chala,Raj Shekhar,0.5418833333333334,2
American Dreaming - Single Edit,Sierra Ferrell,0.5391,1
SOMETHING,Gyakie,0.53445,1
Without You (feat. Marv),Fitted,0.5164166666666666,1
Solo,Future,0.49283333333333335,1
GDFR (feat. Sage the Gemini & Lookas),Flo Rida,0.4862,4
Freaks,Surf Curse,0.48433333333333334,1
Espresso,Sabrina Carpenter,0.4712166666666667,4
Him & I (with Halsey),G-Eazy,0.47101666666666664,1
Lost in the Fire (feat. The Weeknd),Gesaffelstein,0.46896666666666664,1
"Overture - From ""Whiplash""",Justin Hurwitz,0.4684333333333333,1
Jo Tum Mere Ho,Anuv Jain,0.46155,1
In Da Getto,J Balvin,0.45748333333333335,2
The Disco Song,Vishal-Shekhar,0.4508,3
All Girls Are The Same,Juice WRLD,0.447,4
Last Forever,Ayo & Teo,0.4457333333333333,1
DANÇA NA CALÁBRIA,VXBEX,0.4409,7
"Whiplash (Live at Tushino Airfield, Moscow, Russia - September 28th, 1991)",Metallica,0.43501666666666666,1
Bloody Mary,Lady Gaga,0.4237666666666667,3
Rhapsody In Blue (Piano Solo),George Gershwin,0.40258333333333335,1
Forever In My Mind,T3NZU,0.4005166666666667,2
Jigra,Shashwat Sachdev,0.3876833333333333,1
Finding Her,Kushagra,0.3853,3
"Naina (From ""Crew"")",Diljit Dosanjh,0.3828666666666667,1
Mehrama - Extended,Pritam,0.3724166666666667,5
Faded (Remix),Alani Allen,0.37156666666666666,1
Give Me Everything (feat. Nayer),Pitbull,0.36583333333333334,3
Lost Forever,Sergio Valentino,0.36395,2
"Dus Bahane 2.0 (From ""Baaghi 3"") (feat. K.K., Shaan, Tulsi Kumar)",Vishal Dadlani,0.35488333333333333,1
"Bekhayali (Arijit Singh Version) [From ""Kabir Singh""]",Arijit Singh,0.35186666666666666,1
"Vijayi Bhava (From ""Ib 71"")",Vikram Montrose,0.3445666666666667,1
Baby,Justin Bieber,0.3393333333333333,1
Tak Taki,Pratibha Singh Baghel,0.33311666666666667,2
New York City - Dash Berlin Remix,The Chainsmokers,0.33266666666666667,2
Seduction,Eminem,0.3307833333333333,2
Fly Me To The Moon (Squid Game),remorse,0.32571666666666665,1
I Know You Want Me (Calle Ocho),Pitbull,0.3209666666666667,2
Jai Jai Jai Jai Ho,Amaal Mallik,0.32056666666666667,1
Woops - Dimitri Vegas & Junkie Kid Remix,Dj Bountyhunter,0.31383333333333335,1
Interstellar (2014) - Main Theme,Geek Music,0.313,1
ADHD Focus Songs,Focus Music For ADHD,0.31175,1
Jee Le Zaraa,Vishal Dadlani,0.30915,3
fukumean,Gunna,0.3058666666666667,2
Softly,Karan Aujla,0.30505,3
As It Was,Harry Styles,0.30448333333333333,2
"Ishq Mubarak (From ""Tum Bin 2"")",Arijit Singh,0.3020333333333333,1
"What Is Love - 7"" Mix",Haddaway,0.3017,1
"Phoolon Ka Taaro Ka (From ""Jigra"")",Vedang Raina,0.30155,1
I Mean It (feat. Remo),G-Eazy,0.29788333333333333,2
Low Life - Live,The Weeknd,0.29733333333333334,3
Idea 10,Gibran Alcocer,0.2973166666666667,2
חם לי בגוף,בניה ברבי,0.2926166666666667,1
Channa Mereya,Pritam,0.29235,2
Way down We Go,KALEO,0.2844333333333333,1
Feels Like Love,Survivor,0.27618333333333334,3
VIBEZ,DaBaby,0.2708833333333333,1
traitor,Olivia Rodrigo,0.2653333333333333,1
Move Your Body - Alan Walker Remix,Sia,0.25685,3
Brown Munde,AP Dhillon,0.2555,1
Hatikvah - Israeli National Anthem,The Jewish Starlight Orchestra,0.2543666666666667,1
Jiya,Shaheen Bhatt,0.25398333333333334,1
"Non, je ne regrette rien",Édith Piaf,0.2526333333333333,2
Psycho! (Remix) (feat. Trippie Redd),MASN,0.25256666666666666,5
"Feels (feat. Pharrell Williams, Katy Perry & Big Sean)",Calvin Harris,0.2510833333333333,1
Ni Nachleh,Imran Khan,0.24841666666666667,1
Up Up And Away,Juice WRLD,0.24575,1
Both (feat. Drake),Gucci Mane,0.24263333333333334,2
God Save the Queen,Traditional,0.24095,4
Do Not Go Gentle Into That Good Night,Hans Zimmer,0.23685,1
Dawn,jung jaeil,0.2368,2
Timeless (feat. Playboi Carti),The Weeknd,0.23366666666666666,1
Excuses,AP Dhillon,0.22656666666666667,2
Locked Away (feat. Adam Levine),R. City,0.22418333333333335,4
Sare Jahan Se Accha,Sagarika Bhattacherjee,0.2212,2
3.5,ian,0.21333333333333335,1
Outside (feat. Ellie Goulding),Calvin Harris,0.21266666666666667,1
Time,Hans Zimmer,0.20993333333333333,2
Graduation (with Juice WRLD),benny blanco,0.20753333333333332,1
Nuclear Siren,Prestigigator,0.204,1
Bhaag Milkha Bhaag,Shankar-Ehsaan-Loy,0.20363333333333333,1
Miss You - Bonus Track,Oliver Tree,0.20178333333333334,3
Don't Say Love,Leigh-Anne,0.19666666666666666,1
The Bhoot Song,Mika Singh,0.19586666666666666,1
née-nah,21 Savage,0.19308333333333333,3
Infinity,Jaymes Young,0.19033333333333333,2
Congratulations,Post Malone,0.18773333333333334,1
Bajrang Baan-Lofi,Rasraj Ji Maharaj,0.18771666666666667,1
Swift,Deon Custom,0.18688333333333335,2
God Bless The U.S.A. - Rock Version,Lee Greenwood,0.184,1
Pecado y Miel,Dave Stella,0.18306666666666666,1
Against Gravity,Evgeny Bardyuzha,0.18288333333333334,3
Stereo Love,Edward Maya,0.18145,1
God's Plan,Drake,0.1789,2
ecstacy (slowed),SUICIDAL-IDOL,0.17701666666666666,4
POISON.,Kill Dyll,0.17625,1
Tenu Sang Rakhna - Lofi,Arijit Singh,0.17518333333333333,1
What A Wonderful World,Louis Armstrong,0.17218333333333333,4
Unbroken (ft. The Invictus Games Choir),Bon Jovi,0.17166666666666666,2
Solitude (slowed + reverb),Berylxx,0.17136666666666667,1
Twist,Pritam,0.16966666666666666,2
Timeless (feat Playboi Carti),The Weeknd,0.16941666666666666,2
Pal,Javed-Mohsin,0.16576666666666667,1
Forever,Juice,0.16541666666666666,1
Secrets,The Weeknd,0.16053333333333333,2
We Are One (Ole Ola) [The Official 2014 FIFA World Cup Song] (feat. Jennifer Lopez & Claudia Leitte) - Olodum Mix,Pitbull,0.16026666666666667,2
Roses (with Juice WRLD feat. Brendon Urie),benny blanco,0.15631666666666666,2
Chicago Downtown,Ömer Balık,0.1557,2
"Hanuman Chalisa (From ""HanuMan"") [Hindi]",GowraHari,0.15426666666666666,1
Animals x Starboy,TommyMuzzic,0.154,1
Let’s Go Out Tonight,jung jaeil,0.15363333333333334,1
From Yesterday,Thirty Seconds To Mars,0.1532,3
Caroline,Aminé,0.1523,2
House of Memories,Panic! At The Disco,0.152,1
679 (feat. Remy Boyz),Fetty Wap,0.14938333333333334,2
"Dilbar (From ""Satyameva Jayate"")",Neha Kakkar,0.14858333333333335,4
The Horses,Daryl Braithwaite,0.14833333333333334,1
WOOPS! (BOUNTY HUNTER) - EDIT,TYKNI,0.14666666666666667,1
In The Zone,P.L.,0.1452,1
Navi Navi Yaari,Diljit Dosanjh,0.14498333333333333,2
DNA.,Kendrick Lamar,0.14441666666666667,1
Feel This Moment (feat. Christina Aguilera),Pitbull,0.14391666666666666,2
Sare Jahan Se Acha,Asha Bhosle,0.14223333333333332,3
"One Day - From ""Pirates of the Caribbean: At World's End""/Score",Hans Zimmer,0.14218333333333333,1
Whiplash,aespa,0.1418,1
חלום של כל גבר,Subliminal,0.14166666666666666,1
More Than You Know,Axwell /\ Ingrosso,0.14068333333333333,4
Sometimes All I Think About Is You,DJ Gotta,0.14038333333333333,2
Invincible,mgk,0.13911666666666667,1
Just the Way You Are,Bruno Mars,0.1372,1
"Agar Tum Saath Ho (From ""Tamasha"")",Alka Yagnik,0.13541666666666666,1
Let Go,Ark Patrol,0.13275,3
Unstoppable,The Score,0.13231666666666667,2
Mourning,Post Malone,0.13008333333333333,1
Silhouettes In Disguise,Kansas,0.12908333333333333,1
Bloody Mary - TikTok Version,Linear Phase,0.12895,1
Circles,Post Malone,0.12825,1
haTikvah,Naftali Herz Imber,0.12823333333333334,1
Mechta,Cagri Guzet,0.12633333333333333,2
Jiren's Theme,Friedrich Habetler,0.12618333333333334,1
Jashn-E-Bahaaraa - Instrumental - Flute,A.R. Rahman,0.12556666666666666,1
TORE UP,Don Toliver,0.12388333333333333,1
Fly Me to the Moon,The Macarons Project,0.122,1
Tweaker,GELO,0.12088333333333333,1
Jeete Hain Chal,Kavita Seth,0.11825,1
Centuries,Fall Out Boy,0.11673333333333333,2
Summer High,AP Dhillon,0.11636666666666666,2
Race against Time,Hampus Naeselius,0.11633333333333333,1
Subha Hone Na De (Remix),Pritam,0.11583333333333333,1
Runaway,Kanye West,0.11533333333333333,2
Bharat,Prasoon Joshi,0.11483333333333333,2
Warriors,Imagine Dragons,0.1141,1
Billie Jean,Michael Jackson,0.11326666666666667,1
Turn Down for What,DJ Snake,0.11246666666666667,3
See You Again (feat. Charlie Puth),Wiz Khalifa,0.11228333333333333,1
Bad and Boujee (feat. Lil Uzi Vert),Migos,0.11216666666666666,1
Nagada Nagada,Pritam,0.11175,1
Main Hoon Hero Tera (Salman Khan Version),Salman Khan,0.11136666666666667,3
Time Lapse,TheFatRat,0.11121666666666667,2
24,Kanye West,0.1107,1
Day One - Original Demo,Hans Zimmer,0.11028333333333333,1
Jalebi Baby,Tesher,0.11016666666666666,1
Chicago Downtown,Adrena Line,0.10933333333333334,1
Rain,Papa Khan,0.10906666666666667,1
22,Taylor Swift,0.10866666666666666,1
TaTaTa (feat. Travis Scott),Burna Boy,0.10823333333333333,1
Different,Hippie Sabotage,0.10713333333333333,1
Faded (Interlude),Alan Walker,0.10695,1
Blood On My Jeans,Juice WRLD,0.1051,1
SOMEONE SAVED MY LIFE TONIGHT,running music,0.105,1
Let Me Down Slowly,Alec Benjamin,0.10361666666666666,1
"Lift Teri Bandh Hai (From ""Judwaa 2"")",Anu Malik,0.10311666666666666,1
"Thodi Jagah (From ""Marjaavaan"")",Arijit Singh,0.1031,1
"Go Off (with Lil Uzi Vert, Quavo & Travis Scott)",Lil Uzi Vert,0.10201666666666667,1
Silence,Marshmello,0.09986666666666667,1
Sare Jahan Se Acha Hindustan Humara,Vijaya Lakshmi,0.09896666666666666,1
How Can They Allow This?,Alex Lamy,0.0983,1
I Ain't Worried,OneRepublic,0.09796666666666666,1
Najariya Jab Se Ladi,Khursheed Bano,0.0974,1
Waka Waka (This Time for Africa) [The Official 2010 FIFA World Cup (TM) Song] (feat. Freshlyground),Shakira,0.09623333333333334,2
Chammak Challo,Vishal-Shekhar,0.09568333333333333,1
After Party,Nicholas Hill,0.09566666666666666,1
"Round and Round (Mingle Game Merry Go Round) [From ""Squid Game 2""]",The Theme System,0.09506666666666666,1
Whiplash (Live - Seattle '89),Metallica,0.09433333333333334,1
Gasolina,Daddy Yankee,0.09358333333333334,2
Waheguru,Shekhar Ravjiani,0.09338333333333333,1
I Love It (feat. Charli XCX),Icona Pop,0.09211666666666667,2
I'm Going Home,Hans Zimmer,0.09145,2
DJ Faded X Alone Remix,Team Life Rmx,0.09058333333333334,1
Fly me to the moon - Squid Game Version,Amy B,0.08961666666666666,1
In Your Eyes (feat. Kenny G) - Remix,The Weeknd,0.08925,1
Faded - ODESZA Remix,ZHU,0.08908333333333333,2
New York City,The Chainsmokers,0.0889,1
"Chale Aana (From ""De De Pyaar De"")",Amaal Mallik,0.08843333333333334,1
Wavin' Flag,K'NAAN,0.08823333333333333,1
Running Up That Hill (A Deal With God),Kate Bush,0.0866,5
"Airplane Cabin Sound for Sleep, Pt 03 (Continuous)",Deep Sleep Remedy,0.08608333333333333,1
One Love,Shubh,0.08571666666666666,2
Dil Nu,AP Dhillon,0.0857,1
Stand By Me (feat. Morgan Wallen),Lil Durk,0.08491666666666667,1
Cheques,Shubh,0.08425,2
Faded - Tiesto's Northern Lights Remix,Alan Walker,0.08066666666666666,2
Howard the Alien,MAK,0.08033333333333334,1
Положение - 2 Remix,Dior,0.0802,1
Faded - Instrumental,Alan Walker,0.07996666666666667,1
Father Stretch My Hands Pt. 1,Kanye West,0.07856666666666667,2
Vandematram,Sukhwinder Singh,0.07771666666666667,1
Mera Yaar,Shankar-Ehsaan-Loy,0.0776,2
Stay Schemin,Rick Ross,0.07718333333333334,1
Hail,Tarna,0.07695,1
Look At Me!,XXXTENTACION,0.07656666666666667,2
on one tonight,Gunna,0.07625,1
They Don't Care About Us,Michael Jackson,0.07608333333333334,1
Hate Me,Ellie Goulding,0.07583333333333334,1
Right Round,Flo Rida,0.0749,2
Aja Mahi,RDB,0.07483333333333334,1
No Type,Rae Sremmurd,0.07461666666666666,1
Mingle game (round round) - Trap remix,I BEATZ,0.07358333333333333,1
Too Many Nights (feat. Don Toliver & with Future),Metro Boomin,0.07333333333333333,1
Sare Jahan Se Acha,Hector Louies,0.07308333333333333,1
"Shaitan Ka Saala (From ""Housefull 4"")",Sohail Sen,0.07288333333333333,1
Again (feat. XXXTENTACION) - Alan Walker Remix,Noah Cyrus,0.07118333333333333,2
White Brown Black,Avvy Sra,0.07016666666666667,1
Tera Chehra,Himesh Reshammiya,0.06971666666666666,1
Hanuman Chalisa (Lo-fi),Rasraj Ji Maharaj,0.06955,1
Faded - Young Bombs Remix,Alan Walker,0.06925,1
Fly Me To The Moon - 2008 Remastered,Frank Sinatra,0.06923333333333333,1
Nasha,Talwiinder,0.06921666666666666,1
Fly Me To The Moon - Squid Game Remix,remorse,0.06836666666666667,1
Lalkara,Diljit Dosanjh,0.06775,1
Hideaway,Kiesza,0.06745,1
That's What I Like - Alan Walker Remix,Bruno Mars,0.0673,2
ball w/o you,21 Savage,0.0661,1
Luminary - Best Part,Fironn,0.06535,1
Cigarette Duet,Princess Chelsea,0.06521666666666667,2
Same Beef,Bohemia,0.06401666666666667,1
Love In Motion,SebastiAn,0.06341666666666666,1
Faded - Slushii Remix,Alan Walker,0.06291666666666666,1
This Land,Hans Zimmer,0.061816666666666666,3
Lily's Theme,Alexandre Desplat,0.0606,2
Meri Maa,Pritam,0.06035,1
Shiv Tandav,Shankar Mahadevan,0.0602,1
Manasha - Over Slowed,Ashreveal,0.06016666666666667,1
Me and You,Ollie,0.05955,1
Ethereal,Txmy,0.0593,1
20 Min,Lil Uzi Vert,0.05906666666666667,2
Juju On That Beat,Zay Hilfigerrr,0.058883333333333336,1
Tum Se Hi,Pritam,0.058833333333333335,1
Hanuman Chalisa,M. S. Rama Rao,0.0586,1
Run This Town,JAY-Z,0.05826666666666667,2
Faded - Tiesto's Deep House Remix,Alan Walker,0.05798333333333333,1
Solitude,M83,0.057666666666666665,1
Manzar Hai Ye Naya,Shashwat Sachdev,0.05725,1
Give It To Me - Hardstyle,BAKI,0.057183333333333336,1
Bhaag Milkha Bhaag - Rock Version,Shankar-Ehsaan-Loy,0.05648333333333334,1
Bandana,Shubh,0.0553,1
Bailando - Spanish Version,Enrique Iglesias,0.054266666666666664,3
Rajaji,Pratibha Singh Baghel,0.054066666666666666,1
Faded - Luke Christopher Remix,Alan Walker,0.053483333333333334,2
Co2,Prateek Kuhad,0.053283333333333335,1
"By A Thread (From ""Bhaag Milkha Bhaag"")",Shankar-Ehsaan-Loy,0.053266666666666664,1
Happy Diwali (Remix),Vishal-Shekhar,0.0531,1
Rather Be (feat. Jess Glynne),Clean Bandit,0.052333333333333336,1
Into Your Arms (feat. Ava Max),Witt Lowry,0.0518,1
Not Like Us,Kendrick Lamar,0.051666666666666666,1
Home,Phillip Phillips,0.051533333333333334,1
Asmaan Di Pari,Amit Trivedi,0.0499,1
MIDDLE OF THE NIGHT,Elley Duhé,0.04956666666666667,1
Macarena - Slowed / Operation Desert Storm Edition,Elliot Sutton,0.04928333333333333,1
My House,Flo Rida,0.04878333333333333,2
6 Foot 7 Foot,Lil Wayne,0.04816666666666667,1
Diwali Mela Final,Alex,0.04816666666666667,1
Lights,Ellie Goulding,0.04795,1
No Idea,Don Toliver,0.047716666666666664,1
GASOLINE,Måneskin,0.04766666666666667,1
Fly Me To The Moon (2024 Version),Pala Oku,0.046283333333333336,1
Heartless,The Weeknd,0.04616666666666667,1
SIRENS,Travis Scott,0.04583333333333333,2
Make It Bun Dem,Skrillex,0.04568333333333333,1
Black Beatles,Rae Sremmurd,0.04566666666666667,1
Are You Smarter Than A 5th Grader?,Owen Nicholas Carlson,0.0451,1
Skechers (feat. Tyga) - Remix,DripReport,0.04375,1
Day One: Interstellar (Piano Version),Nicola Lerra,0.043666666666666666,1
Polozhenie - Izzamuzzic Remix,Skryptonite,0.04356666666666666,1
3 Foot Tall,Classified,0.04355,1
Moth To A Flame (with The Weeknd),Swedish House Mafia,0.043533333333333334,1
Mauja Hi Mauja,Pritam,0.043333333333333335,2
"Triumph of the Spirit (From ""Bhaag Milkha Bhaag"")",Shankar-Ehsaan-Loy,0.04331666666666667,1
Way Back then,jung jaeil,0.0432,1
Igloo,KISS OF LIFE,0.041916666666666665,1
Club Hip Hop Beat 2,Jorge Quintero,0.0419,1
"Tainu Khabar Nahi - From ""Munjya""",Sachin-Jigar,0.04085,1
FLY ME TO THE MOON - 2020 Version,高橋　洋子,0.039266666666666665,1
Mingle Game,ShadowStep,0.03858333333333333,1
I Got the Keys (feat. JAY-Z & Future),DJ Khaled,0.0379,2
Karz Theme - Instrumental,Laxmikant–Pyarelal,0.03766666666666667,1
Monster,LUM!X,0.037233333333333334,1
Runnin' Down A Dream,Tom Petty,0.03645,1
Slow Motion Angreza,Shankar-Ehsaan-Loy,0.036033333333333334,1
SOMEBODY,Cam Jones,0.03593333333333333,1
Low,SZA,0.035633333333333336,1
Lowdown - 2002 Remaster,Chicago,0.035416666666666666,1
Everything Would Be Fine,Alx Beats,0.035133333333333336,1
Shut Up and Dance,WALK THE MOON,0.03503333333333333,1
River To The Sea,Esa Mighty,0.03498333333333333,1
Smile (with The Weeknd),Juice WRLD,0.034833333333333334,1
Small Town Girl,Vishal-Shekhar,0.034383333333333335,1
Wii Theme Trap,Jmbeatz,0.034,1
Sixty,Affinity,0.034,1
Cutie Cutie,fusq,0.03353333333333333,1
The London (feat. J. Cole & Travis Scott),Young Thug,0.03333333333333333,1
Jay-Jaykara,Kailash Kher,0.03308333333333333,1
Fallen Angel (We're All Down Here Alone),NXCRE,0.0325,1
"Raat Bhar (From ""Heropanti"")",Arijit Singh,0.03245,1
Past Lives,BØRNS,0.032433333333333335,2
Round of Applause (feat. Drake),Waka Flocka Flame,0.03241666666666667,1
Where We're Going,Hans Zimmer,0.03233333333333333,1
Malibu - Alan Walker Remix,Miley Cyrus,0.032266666666666666,1
Airplane Cabin White Noise Jet Sounds,Chill Machine,0.032,1
Khuda Jaane Revisited - Remix by: Abhijit Nalani,Vishal-Shekhar,0.03095,1
Fly Me to the Moon,GBSN,0.030766666666666668,1
I Want To Break Free - Remastered 2011,Queen,0.0306,1
Infatuated,Jesus Honcho,0.030283333333333332,1
Desi Diwali - Remix,Kaur B,0.03,1
METAMORPHOSIS,INTERWORLD,0.03,1
Going Through Changes,Eminem,0.029283333333333335,1
Cicada 3301,CO.Ag Music,0.029116666666666666,1
Hostage Crisis,Kim Sungsoo,0.028733333333333333,1
Lal Ghagra,Sahara,0.028666666666666667,1
In Your Arms,Mr.Kitty,0.0285,1
"Tribeca, 9th Street and 6th Avenue",Dreaming Sound,0.02835,1
Jai Ho,A.R. Rahman,0.028,1
YOSEMITE,Travis Scott,0.027683333333333334,1
Better Now,Post Malone,0.027616666666666668,1
Rude,MAGIC!,0.027466666666666667,1
through the late night,Travis Scott,0.026683333333333333,1
Somewhere Only We Know,Keane,0.02655,1
I'm Still,Juice WRLD,0.026166666666666668,1
Ordinary Life,The Weeknd,0.025916666666666668,1
Tiimmy Turner,Desiigner,0.0259,2
One of Those Nights (feat. The Weeknd),Juicy J,0.025683333333333332,1
679 - Originally performed by Fetty Wap and Remy Boyz,2015 Big Deal,0.02493333333333333,1
Khuda Jaane,Vishal-Shekhar,0.024916666666666667,1
Cat Rock,Nordgroove,0.0246,1
LET ME DOWN SLOWLY (HARDSTYLE),SICK LEGEND,0.024333333333333332,1
Fine China,Future,0.024133333333333333,1
Maria I'm Drunk (feat. Justin Bieber & Young Thug),Travis Scott,0.023783333333333333,1
The Rising Dawn Bellows Like Thunder,John D. Boswell,0.02375,1
Motorcycle Patches,Huncho Jack,0.023616666666666668,1
Wasted (feat. Lil Uzi Vert),Juice WRLD,0.0236,1
New York City,moe.,0.023466666666666667,1
One Dance,Drake,0.023216666666666667,1
Space Song,Beach House,0.023133333333333332,1
No Lie,Sean Paul,0.022783333333333333,1
Hanuman Chalisa,Shankar Mahadevan,0.02266666666666667,1
The Prince of Egypt Suite: Part 1,Hans Zimmer,0.022533333333333332,1
God Bless the USA,Lee Greenwood,0.021066666666666668,1
Dance Pe Chance,Salim–Sulaiman,0.020783333333333334,2
Tu Hai,A.R. Rahman,0.020166666666666666,1
Eastside (with Halsey & Khalid),benny blanco,0.01995,1
Bandit (with YoungBoy Never Broke Again),Juice WRLD,0.019933333333333334,1
Faded - Y&V Remix,Alan Walker,0.019833333333333335,1
Faded - Alan Walker Tribute,Andres Espinosa,0.01975,1
Woops,Dj Bountyhunter,0.01955,1
Shree Hanuman Chalisa,Hariharan,0.01935,1
Bad Tings (feat. DB Bantino),Zoey Dollaz,0.0193,1
A Time of Quiet Between the Storms,Hans Zimmer,0.019266666666666668,1
Moon,Kanye West,0.01915,1
Coming Home,Diddy - Dirty Money,0.018683333333333333,1
Wasted,Don Toliver,0.018583333333333334,1
Faded - Tungevaag & Raaban Remix,Alan Walker,0.018133333333333335,1
Heathens,Twenty One Pilots,0.017666666666666667,1
Lean Wit Me,Juice WRLD,0.0175,1
All Is Well,Michael W. Smith,0.017466666666666665,1
Life Is Good (feat. Drake),Future,0.017366666666666666,1
Anxiety - Intro,Juice WRLD,0.0173,1
Elysium,Klaus Badelt,0.016833333333333332,1
Apple Pie,Travis Scott,0.016133333333333333,1
Dj Waley Babu (feat. Aastha Gill),Badshah,0.016116666666666668,1
Robbery,Juice WRLD,0.0161,1
Dream Is Collapsing,Hans Zimmer,0.015866666666666668,1
After Hours,The Weeknd,0.01585,1
Beginnings Are Such Delicate Times,Hans Zimmer,0.015666666666666666,1
Screw Juice,Juice WRLD,0.0155,1
Glad You Came,The Wanted,0.0154,1
Kali Shaktishali,NIKUNJA,0.015333333333333332,1
"Drink Up Me Hearties Yo Ho - From ""Pirates of the Caribbean: At World's End""/Score",Hans Zimmer,0.014666666666666666,1
2049,Hans Zimmer,0.014066666666666667,1
Fly Me To The Moon,Frank Sinatra,0.013966666666666667,1
Stay High,Juice WRLD,0.013883333333333333,1
The Frozen Planet - From Frozen Planet II,Hans Zimmer,0.013616666666666666,1
Chevaliers De Sangreal - From The Da Vinci Code Original Motion Picture Soundtrack,Hans Zimmer,0.0136,1
Drop It Like It's Hot,Snoop Dogg,0.013333333333333334,1
Love Is Not Enough,Hans Zimmer,0.012666666666666666,1
Flight,Hans Zimmer,0.0125,1
love nwantiti (ah ah ah),CKay,0.01235,1
Paul's Dream,Hans Zimmer,0.012133333333333333,1
Woops - Slowed + Reverb,Dj Bountyhunter,0.012033333333333333,1
Now We Are Free,Hans Zimmer,0.011783333333333333,1
Ripples in the Sand,Hans Zimmer,0.011783333333333333,1
Oogway Ascends,Hans Zimmer,0.0115,1
Scargazer,Prompto,0.011466666666666667,1
Final Ascent - Single Edit / From ''No Time To Die'' Soundtrack,Hans Zimmer,0.011,1
Main Titles (You’ve Been Called Back to Top Gun),Harold Faltermeyer,0.010433333333333333,1
Eptesicus,James Newton Howard,0.010166666666666666,1
2step Bhangra (feat. so D & Kashif),The Bilz,0.008433333333333333,1
Low (feat. T-Pain),Flo Rida,0.007966666666666667,1
Bachna Ae Hasinon Lo Main Aa Gaya,Kishore Kumar,0.007166666666666667,1
Jai Ho! (You Are My Destiny),A.R. Rahman,0.006383333333333334,1
On My Own,Darci,0.006083333333333333,2
Die With A Smile,Lady Gaga,0.005966666666666667,1
STAY (with Justin Bieber),The Kid LAROI,0.005583333333333333,1
The Lost Soul Down - Slowed & Reverb,NBSPLV,0.0036166666666666665,2
WOW (with A$AP Rocky),Kid Cudi,0.0035666666666666668,1
"O Rangrez (From ""Bhaag Milkha Bhaag"")",Shankar-Ehsaan-Loy,0.0028333333333333335,1
Maine Royaan,Tanveer Evan,0.00021666666666666666,1
Kabhi Shaam Dhale,Mohammad Faiz,0.00016666666666666666,1
No Hands (feat. Roscoe Dash & Wale),Waka Flocka Flame,0.0,1
No Flex Zone - Remix,Rae Sremmurd,0.0,1
Diwali - Remix,World Wisdom Music,0.0,1
Thelema,Øfdream,0.0,1
Glorious (feat. Skylar Grey),Macklemore,0.0,1
Safe & Sound,Different Heaven,0.0,1
Dark Knight Dummo (feat. Travis Scott),Trippie Redd,0.0,1
Don't Come Out The House (with 21 Savage),Metro Boomin,0.0,1
Titanium (feat. Sia),David Guetta,0.0,1
